NAME,RATING,AREA,DISHES,APPROX,DISC
Table Tales,4.8,"Bodakdev, West Ahmedabad",Multicuisine,₹ 1500 for two approx.,10% Off + 25% Off
Banjara- Gourmet Dining,4.5,"Bodakdev, West Ahmedabad",Multicuisine,₹ 1700 for two approx.,20% Off + 25% Off
 Laurel - An Essence Of Flavors,5.0,"Ambli, Ahmedabad",Multicuisine,₹ 1800 for two approx.,20% Off + 25% Off
The Chocolate Room,5.0,"Prahlad Nagar, West Ahmedabad  | View All(19) Outlets",Bakery,₹ 500 for two approx.,35% Off + 25% Off
Essence,4.5,"Crowne Plaza, Ahmedabad","Indian, North Indian",₹ 2000 for two approx.,50% Off + 25% Off
Sphere Lounge,4.1,"Hotel Ramada, Ahmedabad","Continental, Indian",₹ 900 for two approx.,10% Off + 25% Off
South Leaf - The Food Chain,4.4,"Prahlad Nagar, West Ahmedabad",South Indian,₹ 900 for two approx.,15% Off + 25% Off
Bella Aroma,4.5,"Crowne Plaza, Ahmedabad",Cafe,₹ 700 for two approx.,25% Off + 25% Off
La Milano Pizzeria,4.0,"Prahlad Nagar, West Ahmedabad",Pizza,₹ 500 for two approx.,25% Off + 25% Off
Khichdi,1.0,"Prahlad Nagar, West Ahmedabad",Indian,₹ 700 for two approx.,25% Off + 25% Off
The Shaka Cafe,4.1,"Prahlad Nagar, West Ahmedabad",Multicuisine,₹ 1000 for two approx.,10% Off + 25% Off
Sky Grill,3.2,"Crowne Plaza, Ahmedabad","Indian, European",₹ 1800 for two approx.,25% Off + 25% Off
Sundew,4.4,"Hotel Ramada, Ahmedabad",Multicuisine,₹ 1400 for two approx.,10% Off + 25% Off
Gwalia Vanakkam,1.0,"Prahlad Nagar, West Ahmedabad",South Indian,₹ 800 for two approx.,20% Off + 25% Off
1944 The Hocco Kitchen,5.0,"Prahlad Nagar, West Ahmedabad  | View All(8) Outlets",North Indian,₹ 1000 for two approx.,10% Off + 25% Off
Amritsar Haveli,4.1,"Prahlad Nagar, West Ahmedabad",Multicuisine,₹ 1100 for two approx.,30% Off + 25% Off
Barbeque Nation,4.5,"Prahlad Nagar, West Ahmedabad  | View All(2) Outlets",Multicuisine,₹ 1850 for two approx.,25% Off :Payeazy
Grill Kitchen,4.6,"Prahlad Nagar, West Ahmedabad  | View All(4) Outlets",Multicuisine,₹ 700 for two approx.,15% Off + 25% Off
Devi Coffee Day,5.0,"Satellite, West Ahmedabad","Cafe, Fast Food",₹ 600 for two approx.,15% Off + 25% Off
Topspin,4.2,"Devarc Mall, Ramdev Nagar",Multicuisine,₹ 1200 for two approx.,15% Off + 25% Off
Veranda Rooftop Restro Cafe,5.0,"Jodhpur Village, Ahmedabad",Multicuisine,₹ 800 for two approx.,25% Off + 25% Off
The Chocolate Room Judges Bunglow,4.5,"Bodakdev, West Ahmedabad",Bakery,₹ 500 for two approx.,50% Off + 25% Off
Fayrouz,4.8,"Prahlad Nagar, West Ahmedabad",Multicuisine,₹ 800 for two approx.,10% Off + 25% Off
Express Cafe,4.2,Holiday Inn Express Ahmedabad Prahlad Nagar ,Multicuisine,₹ 600 for two approx.,25% Off + 25% Off
Salad Time,4.0,"Prahlad Nagar, West Ahmedabad","Healthy Food, Salad",₹ 500 for two approx.,20% Off + 25% Off
Kitcha: Together We Eat,5.0,"Prahlad Nagar, West Ahmedabad",Multicuisine,₹ 800 for two approx.,15% Off + 25% Off
Fruitose,5.0,"Bopal, West Ahmedabad",Beverages,₹ 450 for two approx.,10% Off + 25% Off
The Square - Novotel,4.2,"Novotel, Ahmedabad",Multicuisine,₹ 1500 for two approx.,35% Off + 25% Off
Starboy Pizza,4.0,"Prahlad Nagar, West Ahmedabad","Desserts, Italian",₹ 300 for two approx.,25% Off :Payeazy
MAD By Tomato's,4.0,"Bodakdev, West Ahmedabad  | View All(3) Outlets",Multicuisine,₹ 1500 for two approx.,10% Off + 25% Off
Tuk Tuk Thai - Pure Veg Asian Fine Dine,5.0,"Bodakdev, West Ahmedabad",Asian,₹ 1200 for two approx.,10% Off + 25% Off
Pizzaiiolo - The Wood Fired Pizza	,4.0,"Prahlad Nagar, West Ahmedabad  | View All(3) Outlets",Pizza,₹ 600 for two approx.,20% Off + 25% Off
Desi Rasoi,4.0,"Satellite, West Ahmedabad",Gujarati,₹ 800 for two approx.,20% Off + 25% Off
Burnt Turnt,5.0,"Bopal, West Ahmedabad",North Indian,₹ 1800 for two approx.,40% Off + 25% Off
Roastery Cultur - The Coffee Company,4.5,"Bodakdev, West Ahmedabad","Beverages, Coffee and Tea",₹ 700 for two approx.,10% Off + 25% Off
Fozzie's Pizzaiolo,4.1,"Bodakdev, West Ahmedabad","Continental, Italian",₹ 900 for two approx.,20% Off + 25% Off
Ishtaa - Truly South Indian,4.4,"Bodakdev, West Ahmedabad",South Indian,₹ 1000 for two approx.,25% Off :Payeazy
Cafe 1st Story- Fairfield By Marriott,4.3,Fairfield by Marriott Ahmedabad,Multicuisine,₹ 1200 for two approx.,50% Off + 25% Off
Airi Cafe,4.7,"Bodakdev, West Ahmedabad",Bakery,₹ 600 for two approx.,20% Off + 25% Off
 Moti Mahal Tandoori Trail,5.0,"Thaltej, West Ahmedabad",Multicuisine,₹ 1200 for two approx.,15% Off + 25% Off
Rustic Spices Cafe And Restaurant,4.2,"Bopal, West Ahmedabad",Multicuisine,₹ 1000 for two approx.,20% Off + 25% Off
The Trophy,5.0,"Makarba, Ahmedabad",Multicuisine,₹ 1500 for two approx.,15% Off + 25% Off
Latte@work,4.3,"Courtyard By Marriott, Bodakdev, West Ahmedabad","Coffee, Continental",₹ 800 for two approx.,25% Off + 25% Off
Daksheen Narmada - The Secret Spice,4.8,"Prahlad Nagar, West Ahmedabad",South Indian,₹ 1000 for two approx.,15% Off + 25% Off
Tim Tim,5.0,"Bodakdev, West Ahmedabad",Asian,₹ 2000 for two approx.,25% Off :Payeazy
Aura,4.3,"Courtyard By Marriott, Bodakdev, West Ahmedabad",Multicuisine,₹ 2000 for two approx.,25% Off + 25% Off
Three Quarter Indian,4.4,"Satellite, West Ahmedabad",Multicuisine,₹ 1200 for two approx.,30% Off + 25% Off
Ishaara,4.6,"Palladium Mall , West Ahmedabad","Beverages, Modern Indian",₹ 1000 for two approx.,20% Off + 25% Off
Iscon Thal,4.0,"Iscon Cross Road, West Ahmedabad",Gujarati,₹ 600 for two approx.,25% Off :Payeazy
Mirch Masala,5.0,"Satellite, West Ahmedabad  | View All(6) Outlets","North Indian, Mughlai",₹ 1000 for two approx.,15% Off + 25% Off
The House of Makeba,4.4,"Bodakdev, West Ahmedabad  | View All(4) Outlets",Continental,₹ 1200 for two approx.,10% Off + 25% Off
Toska ,4.0,"Bodakdev, West Ahmedabad",Fast Food,₹ 700 for two approx.,30% Off + 25% Off
Dakshini24,4.0,"Bodakdev, West Ahmedabad",South Indian,₹ 400 for two approx.,25% Off + 25% Off
Lithosphere By Upper Crust,4.1,"Bodakdev, West Ahmedabad",Multicuisine,₹ 1800 for two approx.,20% Off + 25% Off
Sizzling Barbeque,4.4,"The Pride Hotel, Ahmedabad",Barbeque,₹ 700 for two approx.,30% Off + 25% Off
Baba Budan Cafe,5.0,"Bodakdev, West Ahmedabad",Cafe,₹ 600 for two approx.,20% Off + 25% Off
Kake Di Hatti,3.6,"Satellite, West Ahmedabad",North Indian,₹ 1000 for two approx.,25% Off :Payeazy
Tim Hortons,5.0,"Sindhubhavan Road, Ahmedabad",Cafe,₹ 600 for two approx.,20% Off + 25% Off
The Starry Foliage,4.2,"Bopal, West Ahmedabad",Multicuisine,₹ 1100 for two approx.,10% Off + 25% Off
The Penthouse Chapter 1- By Novel Chef,4.0,"Prahlad Nagar, West Ahmedabad",Multicuisine,₹ 1100 for two approx.,10% Off + 25% Off
Amritsar 1971,4.0,"Sarkhej, West Ahmedabad",North Indian,₹ 200 for two approx.,20% Off + 25% Off
Big Scoop Cafe,4.0,"Bodakdev, West Ahmedabad  | View All(2) Outlets","Coffee, Cafe",₹ 350 for two approx.,20% Off + 25% Off
Cafe Treat,4.2,"The Pride Hotel, Ahmedabad",Multicuisine,₹ 1800 for two approx.,30% Off + 25% Off
Wave,4.3,DoubleTree by Hilton Ahmedabad,Multicuisine,₹ 2000 for two approx.,25% Off + 25% Off
Sarây By Tanoor,4.0,"Bodakdev, West Ahmedabad",Middle Eastern,₹ 1500 for two approx.,25% Off :Payeazy
Union,4.0,"Ambli, Ahmedabad",Multicuisine,₹ 1800 for two approx.,25% Off :Payeazy
Cafezza Be Caffeinated,5.0,"Kudasan, Gandhinagar","Fast Food, Coffee",₹ 800 for two approx.,10% Off + 25% Off
Mill & Co. - Renaissance hotel,4.8,Renaissance Ahmedabad Hotel,Modern Indian,₹ 1200 for two approx.,25% Off + 25% Off
The Global Platter,4.0,"Prahlad Nagar, West Ahmedabad",Multicuisine,₹ 1000 for two approx.,20% Off + 25% Off
Roastea,5.0,"Bopal, West Ahmedabad","Beverages, Cafe",₹ 400 for two approx.,15% Off + 25% Off
Bayleaf,4.5,"Courtyard By Marriott, Ahmedabad",Indian,₹ 1500 for two approx.,25% Off + 25% Off
Crazy Plant Lady- A Plant Boutique Cafe,4.0,"Bodakdev, West Ahmedabad  | View All(2) Outlets",Continental,₹ 1000 for two approx.,25% Off :Payeazy
Winni Cakes & More,4.0,"Satellite, West Ahmedabad","Fast Food, Bakery",₹ 500 for two approx.,15% Off + 25% Off
Cofficially,4.0,"Bodakdev, West Ahmedabad","Cafe, Coffee",₹ 400 for two approx.,15% Off + 25% Off
Veranda Rooftop Restro Cafe,4.2,"Chandkheda, North Ahmedabad",Multicuisine,₹ 800 for two approx.,25% Off + 25% Off
Curries,5.0,"Bodakdev, West Ahmedabad",Multicuisine,₹ 1200 for two approx.,10% Off + 25% Off
Xia Rooftop Bistro ,5.0,"Bodakdev, West Ahmedabad",Multicuisine,₹ 1000 for two approx.,10% Off + 25% Off
I love Sandwich House,4.0,"Bodakdev, West Ahmedabad","Cafe, Fast Food",₹ 900 for two approx.,10% Off + 25% Off
Ab Chai Pe Charcha,4.0,"Jodhpur Village, Ahmedabad",Coffee and Tea,₹ 350 for two approx.,10% Off + 25% Off
Eat Punjab	,4.0,"Bopal, West Ahmedabad",Mughlai,₹ 1000 for two approx.,15% Off + 25% Off
Hobnob Bistro,4.4,"Bodakdev, West Ahmedabad","Fast Food, Multicuisine",₹ 800 for two approx.,25% Off + 25% Off
Punjab Grill,4.0,"Palladium Mall , West Ahmedabad",North Indian,₹ 800 for two approx.,25% Off + 25% Off
Amala,4.2,"Bodakdev, West Ahmedabad",Multicuisine,₹ 1100 for two approx.,10% Off + 25% Off
Bigly,5.0,"Thaltej, West Ahmedabad",Multicuisine,₹ 1600 for two approx.,10% Off + 25% Off
The Pancake Story,4.7,"Bodakdev, West Ahmedabad","Beverages, Desserts",₹ 500 for two approx.,10% Off + 25% Off
Mad Over Grill,4.5,"Prahlad Nagar, West Ahmedabad",Multicuisine,₹ 1000 for two approx.,10% Off + 25% Off
MoMo Café,4.1,"Courtyard By Marriott, Ahmedabad",Multicuisine,₹ 1300 for two approx.,25% Off + 25% Off
Hotel Moti Mahal,1.0,"Makarba, Ahmedabad",Multicuisine,₹ 1000 for two approx.,25% Off :Payeazy
Java+,4.3,"Courtyard By Marriott, Ahmedabad","Cafe, Beverages",₹ 1000 for two approx.,25% Off + 25% Off
Wat-A-Burger!,4.0,"Bodakdev, West Ahmedabad  | View All(3) Outlets",Fast Food,₹ 350 for two approx.,10% Off + 25% Off
Cravbit ,4.0,"Prahlad Nagar, West Ahmedabad",Bakery,₹ 400 for two approx.,10% Off + 25% Off
Oven The Bakery,4.0,"Satellite, West Ahmedabad","Bakery, Cafe",₹ 600 for two approx.,10% Off + 25% Off
Perfect Plate,4.0,"Thaltej, West Ahmedabad",Multicuisine,₹ 500 for two approx.,10% Off + 25% Off
Bhullar's Butter Chicken,4.0,"Satellite, West Ahmedabad",North Indian,₹ 400 for two approx.,10% Off + 25% Off
Level 1,4.0,"Thaltej, West Ahmedabad","Beverages, Multicuisine",₹ 1000 for two approx.,30% Off + 25% Off
The Chocolate Room,5.0,"Makarba, Ahmedabad","Bakery, Cafe",₹ 400 for two approx.,25% Off + 25% Off
Chenab By Bhullar's ,5.0,"Bodakdev, West Ahmedabad",North Indian,₹ 2500 for two approx.,10% Off + 25% Off
Wat A Burger!,4.0,"Bodakdev, West Ahmedabad",Fast Food,₹ 600 for two approx.,25% Off + 25% Off
Finch Brew Cafe,4.0,"Thaltej, West Ahmedabad",Multicuisine,₹ 1500 for two approx.,25% Off + 25% Off
Govinda's,3.6,"Satellite, West Ahmedabad",Multicuisine,₹ 1000 for two approx.,20% Off + 25% Off
Gwalia Vanakkam,4.0,"Palladium Mall, Thaltej",South Indian,₹ 800 for two approx.,20% Off + 25% Off
Abi's Cafe ,5.0,"Bopal, West Ahmedabad",Cafe,₹ 600 for two approx.,15% Off + 25% Off
Kovallam Restaurant: The South Indian Kitchen,4.5,"Satellite, West Ahmedabad",South Indian,₹ 700 for two approx.,10% Off + 25% Off
Esencia Restaurant & Banquet,4.0,"Bopal, West Ahmedabad",North Indian,₹ 1200 for two approx.,30% Off + 25% Off
Falashin Juices & Dishes,4.5,"Bodakdev, West Ahmedabad","Beverages, Cafe",₹ 700 for two approx.,15% Off + 25% Off
Sazzy Sizzlers,4.6,"Thaltej, West Ahmedabad",Sizzlers,₹ 1000 for two approx.,35% Off + 25% Off
Air Bistro,5.0,"Bodakdev, West Ahmedabad",Cafe,₹ 800 for two approx.,10% Off + 25% Off
CHA,4.3,"Palladium Mall, Thaltej",Pan Asian,₹ 1450 for two approx.,15% Off + 25% Off
Smash Cafe,4.0,"Bopal, West Ahmedabad",Fast Food,₹ 500 for two approx.,15% Off + 25% Off
Chicago Pizza,4.0,"Bodakdev, West Ahmedabad  | View All(6) Outlets",Pizza,₹ 600 for two approx.,15% Off + 25% Off
Cafe Deli -Tel,4.0,"Novotel, Ahmedabad",Cafe,₹ 1500 for two approx.,15% Off + 25% Off
Jalpaan Restaurant,4.3,"Thaltej, West Ahmedabad","Beverages, Multicuisine",₹ 900 for two approx.,25% Off + 25% Off
Chai Hai Na,3.8,"Bopal, West Ahmedabad",Fast Food,₹ 400 for two approx.,15% Off + 25% Off
Sazzy Sizzlers,4.4,"Navrangpura, West Ahmedabad",Sizzlers,₹ 1300 for two approx.,35% Off + 25% Off
Mahamahal,4.7,"Thaltej, West Ahmedabad",Multicuisine,₹ 800 for two approx.,15% Off + 25% Off
Collage,5.0,"Hyatt, Ahmedabad",Multicuisine,₹ 1700 for two approx.,50% Off + 25% Off
Eat Punjab,4.5,"Chandkheda, North Ahmedabad",North Indian,₹ 800 for two approx.,15% Off + 25% Off
Mehfil-E-Zaika Restaurant,4.0,"Juhapura, Ahmedabad",Multicuisine,₹ 800 for two approx.,10% Off + 25% Off
Core The Coffee Shop By Upper Crust ,4.0,"Bodakdev, West Ahmedabad",Coffee,₹ 1500 for two approx.,10% Off + 25% Off
Arbre,4.0,"Ambli, Ahmedabad",Multicuisine,₹ 1200 for two approx.,10% Off + 25% Off
Boss Burger Brews & B.B.Q.S,4.0,"Bodakdev, West Ahmedabad",American,₹ 800 for two approx.,10% Off + 25% Off
11 Inch Pie,4.0,"Prahlad Nagar, West Ahmedabad",Italian,₹ 500 for two approx.,10% Off + 25% Off
Tres Amigos,3.9,"Thaltej, West Ahmedabad",Mexican,₹ 1000 for two approx.,20% Off + 25% Off
Umami by Curries,4.3,"Ambavadi, West Ahmedabad",Multicuisine,₹ 1200 for two approx.,15% Off + 25% Off
The Grill Street,4.6,"Satellite, West Ahmedabad",Barbeque,₹ 800 for two approx.,25% Off :Payeazy
Foo Palladium Ahmedabad,4.2,"Thaltej, West Ahmedabad","Asian, Chinese",₹ 2000 for two approx.,Cover Charge + 25% Off
Jalaram Khichdi Restaurant,3.5,"Bopal, West Ahmedabad",Gujarati,₹ 500 for two approx.,10% Off + 25% Off
TG’s The Oriental Grill ,4.2,"Hyatt, Ahmedabad",Multicuisine,₹ 2500 for two approx.,25% Off + 25% Off
Dakshini24,4.5,"Bodakdev, West Ahmedabad",South Indian,₹ 500 for two approx.,20% Off + 25% Off
Mad Over Grills,4.0,"Mani Nagar, South Ahmedabad",Multicuisine,₹ 1000 for two approx.,10% Off + 25% Off
Taco Bell,5.0,"Sarkhej, West Ahmedabad  | View All(2) Outlets","Mexican, Tex-Mex",₹ 400 for two approx.,25% Off :Payeazy
Waffle Castle,5.0,"Satellite, West Ahmedabad",Desserts,₹ 200 for two approx.,25% Off :Payeazy
Kabhi B,5.0,"Satellite, West Ahmedabad  | View All(62) Outlets",Bakery,₹ 300 for two approx.,25% Off :Payeazy
Cafe Patio,4.3,"Thaltej, West Ahmedabad",Italian,₹ 500 for two approx.,25% Off + 25% Off
Ashray The Restaurant	,2.5,"Bodakdev, West Ahmedabad  | View All(1) Outlets",Multicuisine,₹ 700 for two approx.,10% Off + 25% Off
Cray Craft,4.5,"Andheri East, Western Suburbs","Chinese, Indian",₹ 2000 for two approx.,25% Off
Novaara,4.0,"Malad West, Western Suburbs",Multicuisine,₹ 1800 for two approx.,25% Off
Butterfly High,4.1,"Oshiwara, Western Suburbs  | View All(4) Outlets",Modern Indian,₹ 2000 for two approx.,25% Off
Amelia,4.6,"Bandra Kurla Complex (BKC), Western Suburbs",European,₹ 3000 for two approx.,25% Off
Taftoon Bar & Kitchen,4.3,"Powai, Central Mumbai",Indian,₹ 2500 for two approx.,25% Off
La Panthera,4.6,"Bandra Kurla Complex (BKC), Western Suburbs",European,₹ 4000 for two approx.,25% Off
Baliboo,4.3,"Goregaon East, Western Suburbs",Multicuisine,₹ 1800 for two approx.,25% Off
Mahesh Lunch Home,4.8,"Fort, South Mumbai  | View All(5) Outlets",Indian Coastal Cuisine,₹ 1200 for two approx.,25% Off
The Nutcracker,4.8,"Palladium Mall, Lower Parel",Multicuisine,₹ 1800 for two approx.,25% Off
Bayroute,4.5,"Palladium Mall, Lower Parel  | View All(5) Outlets",Mediterranean,₹ 3000 for two approx.,25% Off
Sante Spa Cuisine,4.2,"Nesco Centre Hall, Mumbai",Multicuisine,₹ 1400 for two approx.,25% Off
The Tanjore Tiffin Room,4.4,"Khar, Western Suburbs  | View All(2) Outlets",Tamil Nadu,₹ 1500 for two approx.,25% Off
Kitty Su,2.3,"The Lalit, Mumbai","Drinks Only, Finger Food, Cocktail Menu",₹ 2000 for two approx.,25% Off
The Caravan Menu,4.5,"Panch Pakhadi, Thane West",Multicuisine,₹ 2600 for two approx.,25% Off
Butterfly High,4.7,"Vikhroli, Central Mumbai",Multicuisine,₹ 3000 for two approx.,25% Off
Eve,4.5,"Santacruz West, Western Suburbs",European,₹ 2500 for two approx.,25% Off
Blabber All Day,4.8,"Borivali East, Western Suburbs","Continental, Asian",₹ 1500 for two approx.,25% Off
The Coconut Boy,3.2,"Bandra West, Western Suburbs",Goan,₹ 1200 for two approx.,25% Off
Eve,4.6,"Worli, South Mumbai",Multicuisine,₹ 2500 for two approx.,25% Off
Green Leaf Restaurant & Lounge - Thane,3.5,"Ghodbunder Road, Thane Region",Multicuisine,₹ 1500 for two approx.,25% Off
Kyma,4.5,"Bandra Kurla Complex (BKC), Western Suburbs","Mediterranean, Asian",₹ 2500 for two approx.,25% Off
Aer,4.9,"Four Seasons Hotel, Worli",Multicuisine,₹ 3000 for two approx.,25% Off
Gigi,4.1,"Bandra West, Western Suburbs","European, Japanese",₹ 3100 for two approx.,25% Off
Golden Delicacy Restaurant & Banquets,3.3,"Malad West, Western Suburbs",Multicuisine,₹ 1000 for two approx.,25% Off
Si Nonna's - The Original Sourdough Pizza,4.5,"Bandra Kurla Complex (BKC), Western Suburbs",Italian,₹ 1700 for two approx.,25% Off
PCO,4.4,"Lower Parel, South Mumbai",Multicuisine,₹ 3000 for two approx.,25% Off :Payeazy
Luuma House,4.7,"Juhu, Western Suburbs","Chinese, Japanese",₹ 2000 for two approx.,25% Off
Ditas,4.5,"Lower Parel, South Mumbai",European,₹ 2500 for two approx.,25% Off
Ekaa,4.5,"Fort, South Mumbai",Modern Indian,₹ 4000 for two approx.,25% Off
Khyber,4.3,"Fort, South Mumbai  | View All(1) Outlets","North Indian, Mughlai",₹ 2500 for two approx.,25% Off
Papa Pancho da Dhaba,4.5,"Bandra West, Western Suburbs",North Indian,₹ 800 for two approx.,25% Off
Late Checkout,5.0,"Lower Parel, South Mumbai","European, Japanese",₹ 2500 for two approx.,25% Off
The Nutcracker,4.8,"Bandra Kurla Complex (BKC), Western Suburbs",Multicuisine,₹ 1800 for two approx.,25% Off
Mirage,4.2,"Krishna Curve, Juhu garden","Japanese, Asian",₹ 3500 for two approx.,25% Off
Ode,4.6,"Worli, South Mumbai",European,₹ 3000 for two approx.,25% Off
Bawri,4.6,"Bandra Kurla Complex (BKC), Western Suburbs",Regional Indian,₹ 1500 for two approx.,25% Off
The Nest,4.1,"Bandra West, Western Suburbs",Multicuisine,₹ 1800 for two approx.,25% Off
La Loca Maria,4.5,"Bandra West, Western Suburbs",Spanish,₹ 4000 for two approx.,25% Off
Los Cavos,4.6,"Bandra West, Western Suburbs",Peruvian,₹ 2000 for two approx.,25% Off
Estella,4.4,"Juhu, Western Suburbs",Pan Asian,₹ 3000 for two approx.,25% Off
Earth Cafe @ BKC,4.6,"Bandra Kurla Complex (BKC), Western Suburbs",European,₹ 1700 for two approx.,25% Off
Taj Mahal Tea House,4.7,"Bandra West, Western Suburbs",Multicuisine,₹ 1800 for two approx.,25% Off
Araku Coffee,5.0,"Colaba, South Mumbai","European, Desserts, Cafe",₹ 2000 for two approx.,25% Off
The Terreza Cafe,3.4,"Borivali West, Western Suburbs",Multicuisine,₹ 1350 for two approx.,25% Off
Fusion Ville,4.2,"Marol, Central Mumbai",Multicuisine,₹ 1200 for two approx.,30% Off + 25% Off
Cacao- A Restrobar,4.0,"Aralia International Airport, Mumbai","Indian, Italian, Mexican",₹ 1200 for two approx.,30% Off + 25% Off
Zytun- The Restaurant,4.3,"Hotel Metropolis, Mumbai",Multicuisine,₹ 1200 for two approx.,25% Off + 25% Off
Thai Naam,4.7,"The Orb, Andheri East","Thai, Pan Asian",₹ 3000 for two approx.,25% Off + 25% Off
The Brasserie BY HILTON MUMBAI ,4.3,"Hilton Mumbai, Mumbai",Multicuisine,₹ 2200 for two approx.,50% Off + 25% Off
Heritage Kitchen & Bar,3.6,"Andheri East, Western Suburbs",Multicuisine,₹ 1000 for two approx.,20% Off + 25% Off
Fiona,4.2,Radisson Blu Mumbai International Airport,"Cocktail Menu, Multicuisine",₹ 3000 for two approx.,50% Off + 25% Off
MoMo Cafe,4.3,Courtyard Mumbai International Airport,Multicuisine,₹ 3000 for two approx.,25% Off + 25% Off
Uttam Da Dhaba,4.3,"Marol, Central Mumbai",South Indian,₹ 1200 for two approx.,10% Off + 25% Off
Rodeo Drive,4.0,"Hotel Peninsula Redpine, Mumbai","Italian, Mexican",₹ 1800 for two approx.,25% Off + 25% Off
Lake View Cafe,4.4,The Westin Mumbai Powai Lake,Multicuisine,₹ 3000 for two approx.,25% Off + 25% Off
Banjara,4.1,"Goldfinch Hotel, Mumbai",Multicuisine,₹ 2500 for two approx.,55% Off + 25% Off
Castor,5.0,"Andheri East, Western Suburbs",Multicuisine,₹ 1200 for two approx.,40% Off + 25% Off
24/7 Restaurant,4.4,"The Lalit, Mumbai",Multicuisine,₹ 3500 for two approx.,25% Off + 25% Off
190 AMSL By Novotel,4.8,Novotel Mumbai International Airport,"Asian, Continental",₹ 995 for two approx.,50% Off + 25% Off
ARC Powai,4.6,"Powai, Central Mumbai",Multicuisine,₹ 1500 for two approx.,25% Off + 25% Off
Gourmet Bar By Novotel,4.8,Novotel Mumbai International Airport,Modern Indian,₹ 2500 for two approx.,35% Off + 25% Off
Navya,4.5,"The Regale by Tunga, Mumbai",Multicuisine,₹ 850 for two approx.,25% Off + 25% Off
Fly Kitchen and Bar,1.0,"Andheri East, Western Suburbs",Multicuisine,₹ 1700 for two approx.,20% Off + 25% Off
Saptami,4.4,"Holiday Inn Mumbai International Airport, Mumbai",Multicuisine,₹ 2000 for two approx.,50% Off + 25% Off
Axo Bar & Kitchen,3.8,"Andheri West, Western Suburbs","Greek, Mediterranean",₹ 1200 for two approx.,35% Off + 25% Off
JW Cafe,4.5,"JW Marriott Mumbai Sahar, Mumbai",Multicuisine,₹ 4000 for two approx.,25% Off + 25% Off
Food Exchange By Novotel,4.3,Novotel Mumbai International Airport,Multicuisine,₹ 2000 for two approx.,30% Off + 25% Off
Vihara,4.6,"Tunga International, Mumbai",Multicuisine,₹ 750 for two approx.,25% Off :Payeazy
SMOOR,4.6,"Powai, Central Mumbai",European,₹ 600 for two approx.,10% Off + 25% Off
Gallery Cafe,4.3,Radisson Mumbai Andheri MIDC,Multicuisine,₹ 2500 for two approx.,35% Off + 25% Off
Roots Of India,4.5,"Marol, Central Mumbai",Multicuisine,₹ 1200 for two approx.,15% Off + 25% Off
Pop Tate's,4.6,"Marol, Central Mumbai  | View All(31) Outlets",Multicuisine,₹ 2000 for two approx.,25% Off :Payeazy
SPICE OASIS,4.1,"IRA BY ORCHID HOTELS, Mumbai",Multicuisine,₹ 1200 for two approx.,25% Off + 25% Off
Tattva Bar & Cafe Mumbai,4.5,"Hotel Peninsula Redpine, Mumbai","Cocktail Menu, Multicuisine",₹ 1800 for two approx.,15% Off + 25% Off
ChimiChurri,4.5,"Marol, Central Mumbai  | View All(5) Outlets",Cocktail Menu,₹ 1700 for two approx.,25% Off :Payeazy
Gurukripa,4.5,"Powai, Central Mumbai",Indian,₹ 1400 for two approx.,10% Off + 25% Off
The Game Ranch,4.3,"Powai, Central Mumbai  | View All(3) Outlets",Multicuisine,₹ 2400 for two approx.,10% Off + 25% Off
Machhli (Flavors of the Sea),4.0,"Andheri East, Western Suburbs",Seafood,₹ 600 for two approx.,15% Off + 25% Off
Dhaba,5.0,"Marol, Central Mumbai",Multicuisine,₹ 800 for two approx.,10% Off + 25% Off
Black Bull Cafe & Bar,4.8,"Powai, Central Mumbai","Indian, Chinese",₹ 1300 for two approx.,25% Off + 25% Off
NUSARA Kitchen & Bar,4.2,Ramee Guestline Hotel Juhu,"Chinese, Japanese, Pan Asian",₹ 1500 for two approx.,40% Off + 25% Off
British Brewing Company,4.1,"Marol, Central Mumbai  | View All(6) Outlets","Cocktail Menu, Multicuisine",₹ 1500 for two approx.,20% Off + 25% Off
Foo Powai,4.5,"Powai, Central Mumbai  | View All(7) Outlets","Chinese, Asian",₹ 2000 for two approx.,Cover Charge + 25% Off
Brew Code- Holiday Inn,5.0,"Holiday Inn Mumbai International Airport, Mumbai","Cafe, Bakery",₹ 800 for two approx.,50% Off + 25% Off
Toast - Bistro & Bar,4.4,"Marol, Central Mumbai","Finger Food, Cocktail Menu",₹ 2000 for two approx.,25% Off + 25% Off
The Barn Grill,5.0,"Andheri East, Western Suburbs",American,₹ 1000 for two approx.,10% Off + 25% Off
Lucy Lou,3.8,"Andheri East, Western Suburbs","Turkish, Modern Indian, Pan Asian",₹ 1500 for two approx.,20% Off + 25% Off
Mayouchi,4.5,The Westin Mumbai Powai Lake,"Japanese, oriental",₹ 2000 for two approx.,25% Off + 25% Off
TAP ,4.0,"Sakinaka, Central Mumbai  | View All(5) Outlets",Multicuisine,₹ 1400 for two approx.,15% Off + 25% Off
Episode One,4.3,"Powai, Central Mumbai",Finger Food,₹ 1400 for two approx.,15% Off + 25% Off
Pickle & Pint,4.5,"The Paradise By Tunga, Mumbai","Cocktail Menu, Multicuisine",₹ 1400 for two approx.,10% Off + 25% Off
Indriya Mishran,5.0,"Andheri East, Western Suburbs",Multicuisine,₹ 1600 for two approx.,10% Off + 25% Off
HITCHKI,4.5,"Powai, Central Mumbai  | View All(6) Outlets",Modern Indian,₹ 1200 for two approx.,25% Off :Payeazy
The Finch,4.3,"Andheri East, Western Suburbs",Multicuisine,₹ 1600 for two approx.,25% Off + 25% Off
Global Buffet,3.9,"Svenska Design Hotel, Mumbai",Multicuisine,₹ 1500 for two approx.,1+1 Buffet + 25% Off
Lord Of The Drinks,4.3,"Powai, Central Mumbai  | View All(3) Outlets","Cocktail Menu, Multicuisine",₹ 1500 for two approx.,10% Off + 25% Off
TAT,4.8,"Vikhroli, Central Mumbai","Indian Coastal Cuisine, North Indian",₹ 1600 for two approx.,10% Off + 25% Off
Brik - The Sports Bar,3.6,"Fort, South Mumbai",Pan Asian,₹ 1700 for two approx.,1+1 + 25% Off
Courtyard Pavilion,4.5,Courtyard By Marriott Navi Mumbai,Multicuisine,₹ 1500 for two approx.,30% Off + 25% Off
Bisou,3.5,Fairfield by Marriott Mumbai International Airport,"Finger Food, Cocktail Menu",₹ 2000 for two approx.,30% Off + 25% Off
Romano's,4.6,"JW Marriott Mumbai Sahar, Mumbai",Italian,₹ 4000 for two approx.,25% Off + 25% Off
Malhar Tribes,4.5,"Marol, Central Mumbai",Multicuisine,₹ 1600 for two approx.,10% Off + 25% Off
Crimson,5.0,"Marriott Executive Apartments, Powai",Multicuisine,₹ 2000 for two approx.,20% Off + 25% Off
Peshawri,4.4,"ITC Maratha, Mumbai","Indian, North West Frontier",₹ 4000 for two approx.,10% Off + 25% Off
Nosh & Beyond,4.2,"Andheri East, Western Suburbs","Italian, Multicuisine, Continental",₹ 1200 for two approx.,10% Off + 25% Off
Just Kerala,4.6,"Chakala, Andheri East, Western Suburbs",Kerala,₹ 850 for two approx.,25% Off :Payeazy
Asia Kitchen By Mainland China,4.4,"Sakinaka, Central Mumbai  | View All(5) Outlets",Pan Asian,₹ 1200 for two approx.,20% Off + 25% Off
Lounge Bar BY HILTON MUMBAI ,3.9,"Hilton Mumbai, Mumbai","Cocktail Menu, Finger Food",₹ 2000 for two approx.,30% Off + 25% Off
The Tipsy Tiger Garden Bar.,5.0,"Andheri East, Western Suburbs",Asian,₹ 1100 for two approx.,20% Off + 25% Off
Citrus,4.4,"The Leela, Mumbai",European,₹ 3000 for two approx.,25% Off + 25% Off
Global Coffee House & Eatery,4.0,"Bloom Hotel - Saki Vihar, Powai",Multicuisine,₹ 2500 for two approx.,40% Off + 25% Off
The Green Table,4.2,"Mulund West, Central Mumbai",Continental,₹ 750 for two approx.,20% Off + 25% Off
Peshwa Pavilion,4.4,"ITC Maratha, Mumbai",Multicuisine,₹ 4000 for two approx.,10% Off + 25% Off
Ummrao,4.4,Courtyard Mumbai International Airport,Indian,₹ 1500 for two approx.,25% Off + 25% Off
Global Fusion,4.5,"Marol, Central Mumbai  | View All(5) Outlets",Pan Asian,₹ 3000 for two approx.,10% Off + 25% Off
AB's - Absolute Barbecues,4.6,"Powai, Central Mumbai  | View All(2) Outlets","Multicuisine, Barbeque",₹ 1850 for two approx.,Free Cocktail or Mocktail + 25% Off
The Earth Plate - Global Cuisine ,4.3,"Sahara Star, Mumbai","Chinese, Italian, Indian, Continental",₹ 4500 for two approx.,30% Off + 25% Off
Hornby's Pavilion,4.5,"ITC Grand Central, Mumbai",Multicuisine,₹ 4500 for two approx.,25% Off + 25% Off
Pleo,4.3,"Bandra Kurla Complex (BKC), Western Suburbs",Multicuisine,₹ 1650 for two approx.,10% Off + 25% Off
Something's Fishy,4.6,"Tunga International, Mumbai  | View All(2) Outlets",Seafood,₹ 1700 for two approx.,10% Off + 25% Off
Baluchi,4.3,"The Lalit, Mumbai",North Indian,₹ 3500 for two approx.,25% Off + 25% Off
Aroma Street,4.8,"Hotel Le Grande, Mumbai",Multicuisine,₹ 600 for two approx.,20% Off + 25% Off
Punjab Grill	,3.9,"R City Mall, Ghatkopar West  | View All(8) Outlets",North Indian,₹ 1100 for two approx.,25% Off + 25% Off
Citrus Cafe,3.2,"Lemon Tree Premier, Mumbai International Airport",Multicuisine,₹ 1800 for two approx.,25% Off + 25% Off
Fisherman's Cove - Taste On Palate,4.4,"Chandivali, Central Mumbai","Seafood, Multicuisine",₹ 800 for two approx.,15% Off + 25% Off
Barbeque Nation,4.4,"Sakinaka, Central Mumbai  | View All(17) Outlets",Multicuisine,₹ 1500 for two approx.,25% Off :Payeazy
Lotus Cafe,4.5,JW Marriott Mumbai Juhu,Multicuisine,₹ 2800 for two approx.,10% Off + 25% Off
Jw Lounge,4.0,"JW Marriott Mumbai Sahar, Mumbai",Cocktail Menu,₹ 3500 for two approx.,25% Off + 25% Off
China Gate,4.7,"Sakinaka, Central Mumbai  | View All(7) Outlets",Chinese,₹ 1500 for two approx.,15% Off + 25% Off
Eve,4.6,"Powai, Central Mumbai",European,₹ 2500 for two approx.,10% Off + 25% Off
Angrezi Dhaba,3.8,"Andheri East, Western Suburbs  | View All(8) Outlets","Indian, Cocktail Menu",₹ 1100 for two approx.,10% Off + 25% Off
Thyme & Whisk,4.3,"Juhu, Western Suburbs",Multicuisine,₹ 1000 for two approx.,10% Off + 25% Off
Bikkgane Biryani,4.0,"Andheri East, Western Suburbs",Mughlai,₹ 700 for two approx.,15% Off + 25% Off
Que Sera Sera,4.7,"Andheri West, Western Suburbs",European,₹ 2500 for two approx.,30% Off + 25% Off
Madeleine De Proust,4.0,"Fairmont, Vile Parle, Mumbai",Multicuisine,₹ 2000 for two approx.,25% Off + 25% Off
The Sassy Spoon,4.5,"Koregaon Park, Pune","Continental, Asian, Mediterranean, Modern Indian, Desserts, European, Italian, Healthy Food, American, Beverages",₹ 1800 for two approx.,25% Off
Murphies - Bistro And Bar,4.5,"Erandwane, Pune",European,₹ 1200 for two approx.,25% Off
Mazdana,4.5,"Camp Area, Pune",Multicuisine,₹ 1000 for two approx.,15% Off + 25% Off
Hotel Madhav Pure Veg,5.0,"Sangamvadi, Pune","Chinese, North Indian",₹ 1000 for two approx.,10% Off + 25% Off
Acai ,4.0,"Dhole Patil Road, Pune",Multicuisine,₹ 1500 for two approx.,50% Off + 25% Off
Epitome ,2.5,"The Mills, Bund Garden Road, Pune",Multicuisine,₹ 1800 for two approx.,10% Off + 25% Off
Feast,4.6,"Sheraton Grand Pune Bund Garden Hotel, Pune",Multicuisine,₹ 3000 for two approx.,25% Off + 25% Off
Evviva,3.9,"Crowne Plaza Pune City Centre, Pune","Finger Food, Cocktail Menu",₹ 2500 for two approx.,50% Off + 25% Off
The Game Palacio,4.7,"Dhole Patil Road, Pune",Multicuisine,₹ 1500 for two approx.,10% Off + 25% Off
Mosaic,4.2,"Crowne Plaza Pune City Centre, Pune","Multicuisine, All Day Dining",₹ 1500 for two approx.,20% Off + 25% Off
Persian Darbar,4.6,"Camp Area, Pune",Mughlai,₹ 1500 for two approx.,25% Off :Payeazy
Ba Da Bom,4.5,"Sangamvadi, Pune",Korean,₹ 1500 for two approx.,15% Off + 25% Off
Nawab Asia,5.0,"Bund Garden Road, Pune  | View All(2) Outlets",North Indian,₹ 1500 for two approx.,25% Off :Payeazy
Chingari ,4.3,"Sheraton Grand Pune Bund Garden Hotel, Pune",North Indian,₹ 2500 for two approx.,25% Off + 25% Off
Mahesh Lunch Home,4.3,"Camp Area, Pune",Seafood,₹ 1400 for two approx.,10% Off + 25% Off
Kukoo,5.0,"Sangamvadi, Pune",Multicuisine,₹ 1800 for two approx.,25% Off + 25% Off
Zanzibar,4.8,The Central Park Hotel,"Cocktail Menu, Multicuisine",₹ 1100 for two approx.,25% Off + 25% Off
Time After Time,3.5,The Central Park Hotel,"Multicuisine, European",₹ 1400 for two approx.,35% Off + 25% Off
Malaka Spice,4.5,"Koregaon Park, Pune  | View All(2) Outlets","Pan Asian, oriental",₹ 1600 for two approx.,10% Off + 25% Off
Prem's,4.9,"Koregaon Park, Pune  | View All(2) Outlets",Multicuisine,₹ 1600 for two approx.,15% Off + 25% Off
German Bakery,4.6,"Koregaon Park, Pune  | View All(5) Outlets",Cafe,₹ 600 for two approx.,10% Off + 25% Off
Talli Bar & Kitchen,4.7,"Koregaon Park, Pune",Multicuisine,₹ 1600 for two approx.,25% Off + 25% Off
The lobby @Sheraton,4.6,"Sheraton Grand Pune Bund Garden Hotel, Pune",Bakery,₹ 700 for two approx.,25% Off + 25% Off
Sante Spa Cuisine,4.6,"1st Lane, Koregaon Park, Pune","Healthy Food, Vegan",₹ 1000 for two approx.,25% Off :Payeazy
Grandmama's Cafe,4.7,"Koregaon Park, Pune","Cafe, Multicuisine",₹ 1600 for two approx.,10% Off + 25% Off
QORA - Cocktail Bar & Kitchen,4.1,"Koregaon Park, Pune",Asian,₹ 1500 for two approx.,25% Off + 25% Off
Aahar Udipi's,4.7,"Sangamvadi, Pune",South Indian,₹ 1000 for two approx.,10% Off + 25% Off
Mood Drums,4.0,"Hinjawadi, Pune",Multicuisine,₹ 1000 for two approx.,50% Off + 25% Off
Thyme & Whisk,4.2,"Koregaon Park, Pune",Multicuisine,₹ 1000 for two approx.,10% Off + 25% Off
Toscano,4.5,"Koregaon Park, Pune  | View All(3) Outlets",Italian,₹ 1500 for two approx.,25% Off :Payeazy
Kiosk kaffee,4.0,"SGS Mall, Camp Area  | View All(13) Outlets",Coffee,₹ 300 for two approx.,25% Off :Payeazy
Kabana,4.6,"Conrad Pune, Pune","Cafe, European",₹ 3000 for two approx.,25% Off + 25% Off
INOX,1.0,"Bund Garden Road, Pune  | View All(13) Outlets",Fast Food,₹ 500 for two approx.,25% Off :Payeazy
Tim Luck Luck,4.1,"East Street, Pune","Chinese, Cocktail Menu, North Indian",₹ 1000 for two approx.,30% Off + 25% Off
Coriander Kitchen,4.6,"Conrad Pune, Pune","Desserts, Asian, Salad, Mediterranean, North Indian, Multicuisine",₹ 3400 for two approx.,25% Off + 25% Off
Kuai Kitchen,5.0,"Koregaon Park, Pune",Pan Asian,₹ 1600 for two approx.,25% Off + 25% Off
Little Italy ,4.5,"Bund Garden Road, Pune  | View All(4) Outlets","Italian, Mexican",₹ 1200 for two approx.,10% Off + 25% Off
Pune 14,4.5,Hyatt Regency Pune,Multicuisine,₹ 2500 for two approx.,50% Off + 25% Off
Chafa Cafe,4.4,"Koregaon Park, Pune",Healthy Food,₹ 600 for two approx.,10% Off + 25% Off
Asia Kitchen By Mainland China,4.6,"Dhole Patil Road, Pune",Chinese,₹ 1200 for two approx.,15% Off + 25% Off
Big Little Brew Pub,5.0,"Kharadi, Pune",Multicuisine,₹ 1800 for two approx.,10% Off + 25% Off
Loft On The Top,5.0,"Kondhwa, Pune",Multicuisine,₹ 1800 for two approx.,50% Off + 25% Off
Koji,4.6,"Conrad Pune, Pune",Pan Asian,₹ 4000 for two approx.,15% Off + 25% Off
Intactu,3.7,"Hinjawadi, Pune",Multicuisine,₹ 1300 for two approx.,50% Off + 25% Off
OleOle | The Luxury Bar,4.0,"Baner, Pune","Multicuisine, Cocktail Menu",₹ 1500 for two approx.,50% Off + 25% Off
Cafe Blu,4.3,Radisson Blu Pune Hinjewadi,Multicuisine,₹ 1500 for two approx.,50% Off + 25% Off
Al Di La,4.4,"Conrad Pune, Pune",Italian,₹ 5200 for two approx.,15% Off + 25% Off
Savya Rasa,4.8,"Koregaon Park, Pune",South Indian,₹ 1000 for two approx.,25% Off :Payeazy
18 Degrees Rooftop Resto Lounge,3.2,"Spot 18 Mall, Pimple Saudagar",Multicuisine,₹ 2000 for two approx.,50% Off + 25% Off
One8 Commune,4.5,"Koregaon Park, Pune",Multicuisine,₹ 1500 for two approx.,25% Off :Payeazy
Millers - The Luxury Club,4.7,"Bund Garden Road, Pune",Multicuisine,₹ 1800 for two approx.,20% Off + 25% Off
Yolo Gastro Lounge,3.7,"Spot 18 Mall, Pimple Saudagar",Multicuisine,₹ 1800 for two approx.,55% Off + 25% Off
Santorini,4.4,Hilton Garden Inn Pune Hinjawadi,"Mediterranean, Continental",₹ 2400 for two approx.,50% Off + 25% Off
Texas Tower,4.4,"Kharadi, Pune",Multicuisine,₹ 1500 for two approx.,30% Off + 25% Off
Pimlico,3.7,"Koregaon Park, Pune  | View All(3) Outlets",Multicuisine,₹ 1500 for two approx.,25% Off :Payeazy
Boho Boho,5.0,"Koregaon Park, Pune",Multicuisine,₹ 900 for two approx.,10% Off + 25% Off
Punjab Grill,4.5,"Ghorpadi, Pune  | View All(2) Outlets",North Indian,₹ 1400 for two approx.,25% Off + 25% Off
Classico Kitchen And Bar,4.2,"Erandwane, Pune",Multicuisine,₹ 1200 for two approx.,15% Off + 25% Off
11 East Street Cafe,4.2,"East Street, Pune",Multicuisine,₹ 1800 for two approx.,10% Off + 25% Off
Soy Como Soy,4.0,"Koregaon Park, Pune",Multicuisine,₹ 2000 for two approx.,10% Off + 25% Off
IHOP Restaurant,5.0,"Senapati Bapat Road, Pune",American,₹ 1500 for two approx.,50% Off + 25% Off
Jubilee ,4.0,"Koregaon Park, Pune","Cafe, Desserts",₹ 1000 for two approx.,20% Off + 25% Off
Immortals Lounge,4.0,"Kharadi, Pune",Multicuisine,₹ 2000 for two approx.,50% Off + 25% Off
Braun Autobahn,3.7,"Viman Nagar, Pune",Multicuisine,₹ 1200 for two approx.,30% Off + 25% Off
Casa Blanca ,3.7,"The Pride Hotel, Pune",Multicuisine,₹ 1150 for two approx.,25% Off + 25% Off
Squisito,4.3,"Koregaon Park, Pune","Italian, Mexican",₹ 1400 for two approx.,25% Off + 25% Off
Dario's,4.0,"Koregaon Park, Pune",Italian,₹ 1500 for two approx.,25% Off :Payeazy
Barzilla Club,1.0,"Hinjawadi, Pune",Multicuisine,₹ 1800 for two approx.,55% Off + 25% Off
Shizusan,4.3,"Viman Nagar, Pune",Pan Asian,₹ 1600 for two approx.,15% Off + 25% Off
Skye - Rooftop By Eternia,4.3,"Senapati Bapat Road, Pune","Multicuisine, Cocktail Menu",₹ 2000 for two approx.,50% Off + 25% Off
Earth Houz,5.0,"Kondhwa, Pune","Indian, North Indian",₹ 1000 for two approx.,50% Off + 25% Off
Addah,4.2,The O Hotel Pune,North Indian,₹ 2500 for two approx.,10% Off + 25% Off
Ishaara,4.8,"Phoenix Mall of the Millennium, Wakad",Modern Indian,₹ 1300 for two approx.,10% Off + 25% Off
Mutuswami Cafe,3.0,"Ramee Grand, Pune",South Indian,₹ 500 for two approx.,10% Off + 25% Off
Swig,3.0,"Koregaon Park, Pune",Multicuisine,₹ 2000 for two approx.,10% Off + 25% Off
Ebony,3.7,"St Laurn Business Hotel, Pune",Multicuisine,₹ 1400 for two approx.,25% Off + 25% Off
Valour Kitchen & Bar,4.0,"Kharadi, Pune",Multicuisine,₹ 1200 for two approx.,50% Off + 25% Off
Tiger Naan,5.0,"Koregaon Park, Pune","Modern Indian, Japanese",₹ 1500 for two approx.,10% Off + 25% Off
YouMee,4.5,"Viman Nagar, Pune",Pan Asian,₹ 900 for two approx.,15% Off + 25% Off
The Tenth Floor,4.0,"Baner, Pune",Multicuisine,₹ 1500 for two approx.,20% Off + 25% Off
Allora,4.5,"Viman Nagar, Pune",Italian,₹ 1200 for two approx.,15% Off + 25% Off
GILT Club,2.5,"Kharadi, Pune",Multicuisine,₹ 1200 for two approx.,50% Off + 25% Off
Garuda Restro Sky Bar,2.8,"Hinjawadi, Pune","Multicuisine, Cocktail Menu",₹ 1800 for two approx.,60 Discount + 25% Off
The Time Table At Ventive,4.0,"Koregaon Park, Pune","Continental, Healthy Food",₹ 1000 for two approx.,20% Off + 25% Off
The Daark Horse,2.7,"Koregaon Park, Pune",Multicuisine,₹ 1200 for two approx.,25% Off + 25% Off
Indimex ,3.0,"Magarpatta, Pune",Multicuisine,₹ 1500 for two approx.,50% Off + 25% Off
Wow! Momo,4.0,"Camp Area, Pune  | View All(13) Outlets",Momos,₹ 400 for two approx.,15% Off + 25% Off
 Bean Social,4.0,"Shivaji Nagar, Pune",Cafe,₹ 300 for two approx.,15% Off + 25% Off
Atmosphere 6,4.6,"Viman Nagar, Pune",Multicuisine,₹ 2000 for two approx.,20% Off + 25% Off
Barbeque Nation,4.7,"Kalyani Nagar, Pune  | View All(8) Outlets","Multicuisine, Barbeque",₹ 2050 for two approx.,25% Off :Payeazy
The Ruby Hilltop,4.3,"Pashan, Pune","Cocktail Menu, Multicuisine",₹ 1400 for two approx.,20% Off + 25% Off
Pune Sugar Box,5.0,"Conrad Pune, Pune","Desserts, Bakery",₹ 1200 for two approx.,15% Off + 25% Off
BOVI Lounge & Bar,5.0,"Pashan, Pune",Multicuisine,₹ 1600 for two approx.,30% Off + 25% Off
Zeera,4.6,"Conrad Pune, Pune",Indian,₹ 4000 for two approx.,15% Off + 25% Off
Klinq - Cocktails & Cuisine,4.0,"Viman Nagar, Pune",Multicuisine,₹ 1400 for two approx.,10% Off + 25% Off
Puran Da Dhaba ,3.9,"The Pride Hotel, Pune",North Indian,₹ 1500 for two approx.,25% Off + 25% Off
Rustic Sand,5.0,"Hotel Rajmudra, Pune",Multicuisine,₹ 1500 for two approx.,25% Off + 25% Off
Ruhmani,3.9,Hilton Garden Inn Pune Hinjawadi,"Indian, Mughlai",₹ 3000 for two approx.,50% Off + 25% Off
Cafe 1730,4.3,"Kharadi, Pune  | View All(1) Outlets",Multicuisine,₹ 1400 for two approx.,15% Off + 25% Off
The Camden Lane,4.5,"Koregaon Park, Pune",Multicuisine,₹ 1200 for two approx.,25% Off :Payeazy
Cafe Rova,4.6,"Kharadi, Pune",Multicuisine,₹ 600 for two approx.,30% Off + 25% Off
Mirage,4.0,"Sangamvadi, Pune",Pan Asian,₹ 2000 for two approx.,25% Off :Payeazy
L7 - Luxury Club & Kitchen,4.0,"Koregaon Park, Pune",Multicuisine,₹ 1400 for two approx.,30% Off + 25% Off
Teera,3.9,"Wakad, Pune",Multicuisine,₹ 1500 for two approx.,25% Off + 25% Off
Gelato Italiano,4.0,"Raja Bahadur Mill Road, Pune  | View All(7) Outlets",Ice Cream,₹ 300 for two approx.,10% Off + 25% Off
The Walnut Tree,4.0,"Koregaon Park, Pune","Bakery, Cafe",₹ 800 for two approx.,10% Off + 25% Off
The 7a Restaurant and Bar,4.0,"Kharadi, Pune","Cocktail Menu, Multicuisine",₹ 1000 for two approx.,30% Off + 25% Off
Masu,4.3,"Conrad Pune, Pune","Finger Food, Cocktail Menu",₹ 3000 for two approx.,25% Off + 25% Off
Bao Story,5.0,"Hinjawadi, Pune",Asian,₹ 1200 for two approx.,60 Discount + 25% Off
Cafe 15A,4.2,"St Laurn Business Hotel, Pune","Multicuisine, All Day Dining",₹ 1500 for two approx.,25% Off + 25% Off
Piazza Pizza,4.0,"Seasons Mall, Magarpatta",Multicuisine,₹ 600 for two approx.,30% Off + 25% Off
Punjab Grill,3.9,"Phoenix Mall of the Millennium, Wakad",North Indian,₹ 1200 for two approx.,30% Off + 25% Off
Hyde Sky Kitchen & Bar,4.2,"Wakad, Pune",Multicuisine,₹ 1200 for two approx.,50% Off + 25% Off
The Trojan Horse,4.0,"Hinjawadi, Pune",Multicuisine,₹ 1500 for two approx.,50% Off + 25% Off
Pop Tate's,4.5,"Phoenix Market City, Viman Nagar  | View All(4) Outlets",Multicuisine,₹ 2000 for two approx.,25% Off :Payeazy
Tales & Spirits,4.5,"Senapati Bapat Road, Pune  | View All(4) Outlets",Mediterranean,₹ 800 for two approx.,15% Off + 25% Off
The House of Jeera,4.0,"Baner, Pune",Indian,₹ 900 for two approx.,30% Off + 25% Off
Masala Times,4.3,"Camp Area, Pune",Multicuisine,₹ 1000 for two approx.,25% Off :Payeazy
Code The Speakeasy Bar,4.2,"Kothrud, Pune","Cocktail Menu, Multicuisine",₹ 1200 for two approx.,15% Off + 25% Off
360 Degree - The Revolving Fine Dine Restaurant,4.4,"JM Road, Pune",Multicuisine,₹ 1400 for two approx.,25% Off + 25% Off
Tea Villa Cafe,4.8,"Wakad, Pune",Multicuisine,₹ 800 for two approx.,10% Off + 25% Off
Portico,4.4,"Sayaji Hotel, Pune",All Day Dining,₹ 1200 for two approx.,10% Off + 25% Off
The Market,4.5,"The Westin Pune Koregaon Park, Pune",Multicuisine,₹ 2800 for two approx.,25% Off + 25% Off
Circuit House,4.4,"Baner, Pune",Multicuisine,₹ 2000 for two approx.,20% Off + 25% Off
X-Tasy,3.2,"The Pride Hotel, Pune",Multicuisine,₹ 2200 for two approx.,25% Off + 25% Off
Casablanca The Lounge,3.0,"Koregaon Park, Pune",Multicuisine,₹ 1800 for two approx.,25% Off + 25% Off
You Mee,3.8,"Phoenix Mall of the Millennium, Wakad",Pan Asian,₹ 1600 for two approx.,25% Off + 25% Off
Highland ,4.0,"Kalyani Nagar, Pune",Multicuisine,₹ 1400 for two approx.,35% Off + 25% Off
We Idliwale,4.0,"NIBM Road, Pune",South Indian,₹ 600 for two approx.,10% Off + 25% Off
Sorriso,4.6,Marriott Suites Pune,"Italian, Continental",₹ 3500 for two approx.,30% Off + 25% Off
Lola Cafe & Bar,4.5,"Lonavala, Pune",Multicuisine,₹ 1100 for two approx.,10% Off + 25% Off
HAPAA - Asian Stir,4.3,"Kalyani Nagar, Pune",Asian,₹ 1200 for two approx.,20% Off + 25% Off
La Magia,4.3,SUNDERBAN RESORT & SPA,Italian,₹ 2000 for two approx.,25% Off :Payeazy
SMOOR,4.4,"Koregaon Park, Pune",European,₹ 600 for two approx.,10% Off + 25% Off
Da Nonna's,4.0,"Deccan Gymkhana, Pune",Italian,₹ 1200 for two approx.,15% Off + 25% Off
Utse Kitchen,4.0,"Shivajinagar, Central Bengaluru",Asian,₹ 700 for two approx.,25% Off
Nasi and Mee,4.4,"Richmond Town, Central Bengaluru",Asian,₹ 2000 for two approx.,25% Off
Chin Lung Resto Bar,4.4,"Residency Road, Central Bengaluru  | View All(4) Outlets",Multicuisine,₹ 2000 for two approx.,25% Off
Öz By Kebapci,4.5,"UB City, Central Bengaluru",Turkish,₹ 2000 for two approx.,25% Off
BLR Brewing Co,4.4,"Whitefield, East Bengaluru  | View All(4) Outlets",Multicuisine,₹ 2000 for two approx.,25% Off
Juliet,3.8,"1MG Road Mall, MG Road","European, Asian",₹ 3000 for two approx.,25% Off
The Reservoire Cocktail Bar & Kitchen,4.5,"Indiranagar, East Bengaluru",Multicuisine,₹ 2000 for two approx.,25% Off
Maverick & Farmer Coffee,4.6,"Ulsoor, East Bengaluru",Cafe,₹ 2000 for two approx.,25% Off
"Atlantis - Brewpub, Cocktails & Kitchen",4.1,"HSR, South Bengaluru",Multicuisine,₹ 2000 for two approx.,25% Off
One8 Commune,3.8,"MG Road, Central Bengaluru",Multicuisine,₹ 2800 for two approx.,25% Off
Nusa - Tropical Brewvilla,4.1,"Gunjur Village, Bengaluru",Multicuisine,₹ 2000 for two approx.,25% Off
 KoMaama Korean Restaurant,3.6,"Brigade Road, Central Bengaluru",Korean,₹ 2000 for two approx.,25% Off
Helen's Place,3.9,"Marathahalli, East Bengaluru",Multicuisine,₹ 2500 for two approx.,25% Off
The Bier Library,4.5,"Sarjapur Road, South Bengaluru","Cocktail Menu, Multicuisine",₹ 2000 for two approx.,25% Off
ASF - Ancient Stone Flames BBQ & Grill,4.8,"Kalyan Nagar, North Bengaluru  | View All(2) Outlets",North Indian,₹ 2000 for two approx.,25% Off
The Founders Brewery,4.7,"New BEL Road, North Bengaluru","Chinese, North Indian",₹ 2000 for two approx.,25% Off
Chin Lung Brewery,4.6,"Indiranagar, East Bengaluru",Multicuisine,₹ 2000 for two approx.,25% Off
46 Ounces Brewgarden,4.7,"Electronic City, South Bengaluru","Cocktail Menu, Multicuisine",₹ 2000 for two approx.,15% Off + 25% Off
Old Mill,4.7,"Varthur Main Road, Whitefield",Multicuisine,₹ 2000 for two approx.,25% Off
Yuki Cocktail Bar & Kitchen,4.7,"Indiranagar, East Bengaluru","Cocktail Menu, Pan Asian, Asian",₹ 2000 for two approx.,25% Off
Jollygunj,4.3,"JP Nagar, South Bengaluru",Indian,₹ 2500 for two approx.,25% Off
The Fisherman's Wharf,4.5,"Sarjapur Road, South Bengaluru  | View All(1) Outlets","Seafood, Indian Coastal Cuisine, Multicuisine",₹ 2000 for two approx.,25% Off
Khmer Kitchen,4.7,"JP Nagar, South Bengaluru",Asian,₹ 2000 for two approx.,25% Off
1 BHK - Bar House Kitchen,4.4,"Koramangala, South Bengaluru",Multicuisine,₹ 2000 for two approx.,25% Off
DISTRICT 6,4.4,"Rajajinagar, West Bengaluru","Cocktail Menu, Multicuisine",₹ 2000 for two approx.,25% Off
ABV- Artisanal Bier Village,4.6,"Whitefield, East Bengaluru",Multicuisine,₹ 2500 for two approx.,10% Off + 25% Off
The Scene - Craft Kitchen & Bar,4.0,"JP Nagar, South Bengaluru",Multicuisine,₹ 2000 for two approx.,25% Off
Maize & Malt,4.6,"Krishnarajapuram Hobli, Bengaluru",Multicuisine,₹ 2000 for two approx.,25% Off
Daddy,4.1,"Indiranagar, East Bengaluru","Pan Asian, Cocktail Menu",₹ 2000 for two approx.,25% Off
Jollygunj,4.2,"Whitefield, East Bengaluru",Multicuisine,₹ 2000 for two approx.,25% Off
Yuki - Brewhouse and Kitchen,4.6,"Koramangala, South Bengaluru","Pan Asian, Cocktail Menu",₹ 2000 for two approx.,25% Off
 William John's Pizza,4.9,"Horamavu, Bengaluru","American, Italian",₹ 2000 for two approx.,25% Off
Oia,4.1,"Hennur, North Bengaluru",Multicuisine,₹ 2000 for two approx.,25% Off
MisoSexy,4.4,"Indiranagar, East Bengaluru","Pan Asian, Asian",₹ 2000 for two approx.,25% Off
1522 The Pub,4.4,"Sahakara Nagar, North Bengaluru  | View All(8) Outlets",Multicuisine,₹ 2000 for two approx.,25% Off
Garden by su,4.3,"Jayanagar, South Bengaluru",Multicuisine,₹ 2000 for two approx.,25% Off
Yuki - Pan Asian Kitchen and Bar,4.5,"JP Nagar, South Bengaluru",Pan Asian,₹ 2000 for two approx.,25% Off
Byg Brewski - Sarjapur,4.5,"Sarjapur Road, South Bengaluru",Multicuisine,₹ 2000 for two approx.,25% Off
Peepai Kitchen & Brewery,4.2,"Hebbal, North Bengaluru",Multicuisine,₹ 2500 for two approx.,25% Off
Koreyaki ,4.3,"Indiranagar, East Bengaluru",Korean,₹ 2000 for two approx.,25% Off
TAG,4.4,"Indiranagar, East Bengaluru",Andhra,₹ 2000 for two approx.,25% Off
Subz,4.4,"Jayanagar, South Bengaluru",Multicuisine,₹ 2000 for two approx.,25% Off
Gaia - Global Vegetarian,4.6,"JP Nagar, South Bengaluru",Multicuisine,₹ 2000 for two approx.,25% Off
Masala Mandi,4.2,"Sarjapur Road, South Bengaluru",Barbeque,₹ 2000 for two approx.,25% Off
Chairman's Restobar,4.5,"Chikkabanavara, North Bengaluru",Multicuisine,₹ 2000 for two approx.,25% Off
Toca,3.9,"Koramangala, South Bengaluru",Multicuisine,₹ 2000 for two approx.,25% Off
Nasi And Mee,4.5,"Koramangala, South Bengaluru  | View All(4) Outlets",Asian,₹ 2000 for two approx.,25% Off
Savera Lassi Shop,4.7,"Shivajinagar, Central Bengaluru","Beverages, Ice Cream",₹ 2000 for two approx.,10% Off + 25% Off
My Breakfast,4.0,"Shivajinagar, Central Bengaluru",Multicuisine,₹ 2000 for two approx.,10% Off + 25% Off
Masha Allah Hot And Cool Point,4.0,"Shivajinagar, Central Bengaluru",Fast Food,₹ 2000 for two approx.,10% Off + 25% Off
Tipsy Cafe,4.0,"Shivajinagar, Central Bengaluru",Fast Food,₹ 2000 for two approx.,10% Off + 25% Off
Shahi Restaurant,3.0,"Shivajinagar, Central Bengaluru",Multicuisine,₹ 2000 for two approx.,10% Off + 25% Off
Main Lassi Shop,1.0,"Shivajinagar, Central Bengaluru",Multicuisine,₹ 2000 for two approx.,10% Off + 25% Off
Maggi Baba,5.0,"Shivajinagar, Central Bengaluru",Beverages,₹ 2000 for two approx.,25% Off :Payeazy
Romeo Cafe,4.0,"Shivajinagar, Central Bengaluru",Multicuisine,₹ 2000 for two approx.,25% Off :Payeazy
Dindigul Thalappakatti,4.0,"MG Road, Central Bengaluru  | View All(10) Outlets",Multicuisine,₹ 950 for two approx.,25% Off
Jalebbi,4.6,"Cunningham Road, Central Bengaluru",Indian,₹ 2000 for two approx.,50% Off + 25% Off
ShakesBierre,4.4,"MG Road, Central Bengaluru","Multicuisine, Cocktail Menu",₹ 2000 for two approx.,10% Off + 25% Off
Flo,3.5,"Church Street, Central Bengaluru","Cocktail Menu, Multicuisine",₹ 2000 for two approx.,45% Off + 25% Off
Burnout Cafe,3.9,"Infantry Road, Central Bengaluru  | View All(1) Outlets","Chinese, Multicuisine, Continental",₹ 2000 for two approx.,15% Off + 25% Off
Lumara Bar & Kitchen,4.3,"Old Madras Road, East Bengaluru",Multicuisine,₹ 2500 for two approx.,20% Off + 25% Off
Tiger Trail,4.1,"Regenta Place Cunningham, Bengaluru",Indian,₹ 2000 for two approx.,25% Off + 25% Off
SkyDeck By Sherlock's,4.2,"MG Road, Central Bengaluru",Multicuisine,₹ 2000 for two approx.,25% Off + 25% Off
KA 01 - Rooftop Bar & Eats,4.4,"Ibis Hotel, Richmond Road","Indian, Cocktail Menu",₹ 2000 for two approx.,50% Off + 25% Off
Cafe Noir,4.4,"UB City, Central Bengaluru  | View All(8) Outlets",European,₹ 2000 for two approx.,20% Off + 25% Off
Foo Brigade Road,4.5,"Brigade Road, Central Bengaluru","Chinese, Pan Asian, Asian",₹ 2500 for two approx.,Cover Charge + 25% Off
Bazaar,4.0,Zone By The Park Infantry Bengaluru,Multicuisine,₹ 2500 for two approx.,10% Off + 25% Off
Gold Rush Brews,4.3,"Old Madras Road, East Bengaluru",Multicuisine,₹ 2000 for two approx.,50% Off + 25% Off
Smoke House Deli,4.4,"Lavelle Road, Central Bengaluru  | View All(2) Outlets",European,₹ 2000 for two approx.,Free Cocktail or Mocktail + 25% Off
Tiamo,4.4,Conrad Bengaluru,Multicuisine,₹ 2250 for two approx.,15% Off + 25% Off
SodaBottleOpenerWala,4.4,"Lavelle Road, Central Bengaluru",Parsi,₹ 2000 for two approx.,15% Off + 25% Off
Hatti Kaapi - Signature,5.0,"Lavelle Road, Central Bengaluru",Multicuisine,₹ 600 for two approx.,10% Off + 25% Off
By Chance,4.4,"Brigade Road, Central Bengaluru",Multicuisine,₹ 1500 for two approx.,50% Off + 25% Off
No Limmits Lounge & Club,3.5,"Brigade Road, Central Bengaluru",Multicuisine,₹ 2000 for two approx.,30% Off + 25% Off
Punjab Grill,4.1,"Ashok Nagar, Bengaluru  | View All(7) Outlets",North Indian,₹ 2000 for two approx.,25% Off + 25% Off
Fia’s Lounge,4.4,"Richmond Road, Central Bengaluru","European, Parsi",₹ 1500 for two approx.,15% Off + 25% Off
Matsuri,4.6,"The Chancery Hotel, Bengaluru","Sushi, Japanese",₹ 2000 for two approx.,15% Off + 25% Off
Café Azzure,4.2,"MG Road, Central Bengaluru  | View All(4) Outlets",European,₹ 2000 for two approx.,20% Off + 25% Off
The Grill & Cheese Cafe,4.0,"Frazer Town, Central Bengaluru",Continental,₹ 2000 for two approx.,10% Off + 25% Off
JW Kitchen,4.4,"JW Marriott, Bengaluru, Central Bengaluru",Multicuisine,₹ 2500 for two approx.,30% Off + 25% Off
Easy Tiger,4.2,"Church Street, Central Bengaluru","Cocktail Menu, American",₹ 2000 for two approx.,10% Off + 25% Off
The Kabab Studio,3.9,"Goldfinch Hotel, Seshadripuram",North Indian,₹ 2000 for two approx.,50% Off + 25% Off
Hatti Kaapi,4.0,"Infantry Road, Central Bengaluru",Multicuisine,₹ 400 for two approx.,10% Off + 25% Off
Be Luru Craft Kitchen & Bar,4.0,"Sankey Road, North Bengaluru","Asian, Indian",₹ 2000 for two approx.,25% Off + 25% Off
CANTAN - Chinese Bar House,4.5,"Lavelle Road, Central Bengaluru",Chinese,₹ 2000 for two approx.,15% Off + 25% Off
Over Coffee “Restaurant + Wine bar”,4.4,"Lavelle Road, Central Bengaluru",European,₹ 2000 for two approx.,25% Off :Payeazy
Mikusu,4.5,Conrad Bengaluru,"Pan Asian, Asian",₹ 3000 for two approx.,15% Off + 25% Off
Ta'aam,5.0,"Cunningham Road, Central Bengaluru","Arabian, North Indian",₹ 600 for two approx.,25% Off :Payeazy
SMOOR,4.3,"Lavelle Road, Central Bengaluru  | View All(9) Outlets",European,₹ 2000 for two approx.,10% Off + 25% Off
Kling Brewery,4.4,"Church Street, Central Bengaluru",Multicuisine,₹ 2000 for two approx.,10% Off + 25% Off
Badmaash UB City,4.3,"UB City, Central Bengaluru  | View All(4) Outlets",Indian,₹ 2000 for two approx.,15% Off + 25% Off
Maayaa,4.4,"The Courtyard by Sublime, Bengaluru",South Indian,₹ 2000 for two approx.,15% Off + 25% Off
New Kudla Family Restaurant,4.0,"MG Road, Central Bengaluru","Chinese, North Indian",₹ 2000 for two approx.,50% Off + 25% Off
Monarch Cafe,4.0,"Infantry Road, Central Bengaluru",Multicuisine,₹ 2000 for two approx.,25% Off :Payeazy
Cafe Adams,4.0,"Shivajinagar, Central Bengaluru",European,₹ 2000 for two approx.,25% Off :Payeazy
Ihmiets Momos,4.0,"Old Madras Road, East Bengaluru",Momos,₹ 2000 for two approx.,50% Off + 25% Off
Lifetree,5.0,"Ashok Nagar, Bengaluru",Multicuisine,₹ 1000 for two approx.,20% Off + 25% Off
Downtown Taproom,4.6,"Residency Road, Central Bengaluru",Indian,₹ 2000 for two approx.,10% Off + 25% Off
Alchemy,4.5,"The Chancery Pavilion, Bengaluru","Indian, Fusion",₹ 2500 for two approx.,20% Off + 25% Off
Whispers Pub (Big Barn),4.5,"Banashankari, South Bengaluru",Multicuisine,₹ 2000 for two approx.,30% Off + 25% Off
Don't Tell Mama,4.1,"HSR, South Bengaluru",Multicuisine,₹ 2000 for two approx.,50% Off + 25% Off
Levista Gourmet Studio,5.0,"Church Street, Central Bengaluru",American,₹ 2000 for two approx.,20% Off + 25% Off
Chianti,4.2,"MG Road, Central Bengaluru  | View All(7) Outlets","Desserts, Salad, Italian, Pizza, Pasta",₹ 2000 for two approx.,15% Off + 25% Off
Muro India,5.0,"Museum Road, Ashok Nagar, Bengaluru","Thai, Cantonese",₹ 5000 for two approx.,25% Off :Payeazy
Hard Rock Cafe,4.5,"St. Marks Road, Central Bengaluru","Burgers, Multicuisine",₹ 2500 for two approx.,10% Off + 25% Off
Sozo Skyline Dining,4.3,"Ashok Nagar, Bengaluru","Cocktail Menu, Pan Asian",₹ 2000 for two approx.,25% Off + 25% Off
Sana-Di-Ge ,4.4,"Goldfinch Hotel, Seshadripuram","Biryani, Seafood, Regional Indian",₹ 2000 for two approx.,20% Off + 25% Off
2 Moons,3.8,"1MG Road Mall, MG Road","Cocktail Menu, Multicuisine",₹ 2500 for two approx.,10% Off + 25% Off
Street Storyss,4.0,"Brigade Road, Central Bengaluru",Multicuisine,₹ 1500 for two approx.,10% Off + 25% Off
Nothing Before Coffee,4.0,"Richmond Town, Central Bengaluru",Cafe,₹ 2000 for two approx.,20% Off + 25% Off
Karnatic,3.8,"Church Street, Central Bengaluru",Andhra,₹ 2000 for two approx.,15% Off + 25% Off
Ging,4.3,"Royal Orchid Central, Bengaluru","Cocktail Menu, oriental",₹ 2500 for two approx.,25% Off + 25% Off
Central Flavors,4.0,"Hennur, North Bengaluru","North Indian, Chinese",₹ 2000 for two approx.,50% Off + 25% Off
Adda 1522,4.4,"Ulsoor, East Bengaluru","European, Finger Food, North Indian, Indian Coastal Cuisine, Chicken, Barbeque",₹ 2000 for two approx.,25% Off :Payeazy
Gatsby,4.4,"Bannerghatta Road, South Bengaluru",Multicuisine,₹ 2000 for two approx.,20% Off + 25% Off
Rice Bowl,3.0,"Ulsoor, East Bengaluru",Pan Asian,₹ 2500 for two approx.,30% Off + 25% Off
Sea Rock Family Restaurant & Bar,4.7,"Seshadripuram, Central Bengaluru",Multicuisine,₹ 2000 for two approx.,10% Off + 25% Off
Good Flippin' Burgers,4.0,"Church Street, Central Bengaluru  | View All(5) Outlets",American,₹ 1100 for two approx.,10% Off + 25% Off
The Biere Club,4.4,"Lavelle Road, Central Bengaluru  | View All(2) Outlets","Cocktail Menu, Multicuisine",₹ 2000 for two approx.,10% Off + 25% Off
The Big Barbeque,4.0,"Marathahalli, East Bengaluru  | View All(3) Outlets","Multicuisine, Barbeque",₹ 2000 for two approx.,1+1 Buffet + 25% Off
Cafe Stone,4.1,"Commercial Street, Central Bengaluru",Multicuisine,₹ 2000 for two approx.,25% Off :Payeazy
Oney By Hammered,4.0,"Cunningham Road, Central Bengaluru","Asian, Continental",₹ 2000 for two approx.,10% Off + 25% Off
Botany Brew & Kitchen,4.0,"Ashok Nagar, Bengaluru",Multicuisine,₹ 2000 for two approx.,25% Off + 25% Off
Misu,4.7,"Palace Road, Central Bengaluru  | View All(3) Outlets",Pan Asian,₹ 2500 for two approx.,15% Off + 25% Off
You Mee,4.3,"Orion Mall, Malleshwaram",Pan Asian,₹ 2000 for two approx.,15% Off + 25% Off
Kudla,5.0,"Sampangi Rama Nagar, Bengaluru",Multicuisine,₹ 2500 for two approx.,15% Off + 25% Off
Watson's,4.4,"Ulsoor, East Bengaluru  | View All(4) Outlets",Multicuisine,₹ 2000 for two approx.,25% Off :Payeazy
CBD Central Bar District,5.0,"MSR Nagar, Bengaluru",Multicuisine,₹ 1200 for two approx.,25% Off :Payeazy
Shiro,4.3,"UB City, Central Bengaluru","Japanese, Pan Asian, Asian",₹ 2500 for two approx.,25% Off :Payeazy
Aromas of Asia,1.0,"Hotel 37th Crescent, Bengaluru",Multicuisine,₹ 2000 for two approx.,20% Off + 25% Off
Blah Bla (Indigo XP),3.9,"Koramangala, South Bengaluru",Multicuisine,₹ 2000 for two approx.,40% Off + 25% Off
Scottish Pub,4.8,"St. Marks Road, Central Bengaluru",Multicuisine,₹ 2000 for two approx.,10% Off + 25% Off
"Salt - Pan Indian Restaurant, Bar & Grill",4.2,"UB City, Central Bengaluru  | View All(5) Outlets","Indian, Cocktail Menu",₹ 2000 for two approx.,25% Off :Payeazy
Frenzy Pub,4.5,"Marathahalli, East Bengaluru",Multicuisine,₹ 2000 for two approx.,40% Off + 25% Off
Howl’n Pub,4.3,"Church Street, Central Bengaluru",Multicuisine,₹ 1400 for two approx.,10% Off + 25% Off
